{"result":{"status":"success"},"favicon":{"package_url":"https://realfavicongenerator.net/files/4fe727e8eec8783e209904100d93e481baefe140/favicon_package_v0.16.zip","files_urls":["https://realfavicongenerator.net/files/4fe727e8eec8783e209904100d93e481baefe140/package_files/android-chrome-144x144.png","https://realfavicongenerator.net/files/4fe727e8eec8783e209904100d93e481baefe140/package_files/android-chrome-192x192.png","https://realfavicongenerator.net/files/4fe727e8eec8783e209904100d93e481baefe140/package_files/android-chrome-256x256.png","https://realfavicongenerator.net/files/4fe727e8eec8783e209904100d93e481baefe140/package_files/android-chrome-36x36.png","https://realfavicongenerator.net/files/4fe727e8eec8783e209904100d93e481baefe140/package_files/android-chrome-384x384.png","https://realfavicongenerator.net/files/4fe727e8eec8783e209904100d93e481baefe140/package_files/android-chrome-48x48.png","https://realfavicongenerator.net/files/4fe727e8eec8783e209904100d93e481baefe140/package_files/android-chrome-512x512.png","https://realfavicongenerator.net/files/4fe727e8eec8783e209904100d93e481baefe140/package_files/android-chrome-72x72.png","https://realfavicongenerator.net/files/4fe727e8eec8783e209904100d93e481baefe140/package_files/android-chrome-96x96.png","https://realfavicongenerator.net/files/4fe727e8eec8783e209904100d93e481baefe140/package_files/apple-touch-icon-114x114-precomposed.png","https://realfavicongenerator.net/files/4fe727e8eec8783e209904100d93e481baefe140/package_files/apple-touch-icon-114x114.png","https://realfavicongenerator.net/files/4fe727e8eec8783e209904100d93e481baefe140/package_files/apple-touch-icon-120x120-precomposed.png","https://realfavicongenerator.net/files/4fe727e8eec8783e209904100d93e481baefe140/package_files/apple-touch-icon-120x120.png","https://realfavicongenerator.net/files/4fe727e8eec8783e209904100d93e481baefe140/package_files/apple-touch-icon-144x144-precomposed.png","https://realfavicongenerator.net/files/4fe727e8eec8783e209904100d93e481baefe140/package_files/apple-touch-icon-144x144.png","https://realfavicongenerator.net/files/4fe727e8eec8783e209904100d93e481baefe140/package_files/apple-touch-icon-152x152-precomposed.png","https://realfavicongenerator.net/files/4fe727e8eec8783e209904100d93e481baefe140/package_files/apple-touch-icon-152x152.png","https://realfavicongenerator.net/files/4fe727e8eec8783e209904100d93e481baefe140/package_files/apple-touch-icon-180x180-precomposed.png","https://realfavicongenerator.net/files/4fe727e8eec8783e209904100d93e481baefe140/package_files/apple-touch-icon-180x180.png","https://realfavicongenerator.net/files/4fe727e8eec8783e209904100d93e481baefe140/package_files/apple-touch-icon-57x57-precomposed.png","https://realfavicongenerator.net/files/4fe727e8eec8783e209904100d93e481baefe140/package_files/apple-touch-icon-57x57.png","https://realfavicongenerator.net/files/4fe727e8eec8783e209904100d93e481baefe140/package_files/apple-touch-icon-60x60-precomposed.png","https://realfavicongenerator.net/files/4fe727e8eec8783e209904100d93e481baefe140/package_files/apple-touch-icon-60x60.png","https://realfavicongenerator.net/files/4fe727e8eec8783e209904100d93e481baefe140/package_files/apple-touch-icon-72x72-precomposed.png","https://realfavicongenerator.net/files/4fe727e8eec8783e209904100d93e481baefe140/package_files/apple-touch-icon-72x72.png","https://realfavicongenerator.net/files/4fe727e8eec8783e209904100d93e481baefe140/package_files/apple-touch-icon-76x76-precomposed.png","https://realfavicongenerator.net/files/4fe727e8eec8783e209904100d93e481baefe140/package_files/apple-touch-icon-76x76.png","https://realfavicongenerator.net/files/4fe727e8eec8783e209904100d93e481baefe140/package_files/apple-touch-icon-precomposed.png","https://realfavicongenerator.net/files/4fe727e8eec8783e209904100d93e481baefe140/package_files/apple-touch-icon.png","https://realfavicongenerator.net/files/4fe727e8eec8783e209904100d93e481baefe140/package_files/browserconfig.xml","https://realfavicongenerator.net/files/4fe727e8eec8783e209904100d93e481baefe140/package_files/favicon-16x16.png","https://realfavicongenerator.net/files/4fe727e8eec8783e209904100d93e481baefe140/package_files/favicon-32x32.png","https://realfavicongenerator.net/files/4fe727e8eec8783e209904100d93e481baefe140/package_files/favicon.ico","https://realfavicongenerator.net/files/4fe727e8eec8783e209904100d93e481baefe140/package_files/mstile-144x144.png","https://realfavicongenerator.net/files/4fe727e8eec8783e209904100d93e481baefe140/package_files/mstile-150x150.png","https://realfavicongenerator.net/files/4fe727e8eec8783e209904100d93e481baefe140/package_files/mstile-310x150.png","https://realfavicongenerator.net/files/4fe727e8eec8783e209904100d93e481baefe140/package_files/mstile-310x310.png","https://realfavicongenerator.net/files/4fe727e8eec8783e209904100d93e481baefe140/package_files/mstile-70x70.png","https://realfavicongenerator.net/files/4fe727e8eec8783e209904100d93e481baefe140/package_files/safari-pinned-tab.svg","https://realfavicongenerator.net/files/4fe727e8eec8783e209904100d93e481baefe140/package_files/site.webmanifest"],"html_code":"<link rel=\"apple-touch-icon\" sizes=\"180x180\" href=\"/apple-touch-icon.png\">\n<link rel=\"icon\" type=\"image/png\" sizes=\"32x32\" href=\"/favicon-32x32.png\">\n<link rel=\"icon\" type=\"image/png\" sizes=\"192x192\" href=\"/android-chrome-192x192.png\">\n<link rel=\"icon\" type=\"image/png\" sizes=\"16x16\" href=\"/favicon-16x16.png\">\n<link rel=\"manifest\" href=\"/site.webmanifest\">\n<link rel=\"mask-icon\" href=\"/safari-pinned-tab.svg\" color=\"#5bbad5\">\n<meta name=\"msapplication-TileColor\" content=\"#ffffff\">\n<meta name=\"msapplication-TileImage\" content=\"/mstile-144x144.png\">\n<meta name=\"theme-color\" content=\"#ffffff\">","compression":"false","overlapping_markups":["link[rel=\"apple-touch-icon\"]","link[rel=\"shortcut\"]","link[rel=\"shortcut icon\"]","link[rel=\"icon\",sizes=\"16x16\"]","link[rel=\"icon\",sizes=\"32x32\"]","meta[name=\"msapplication-TileColor\"]","meta[name=\"msapplication-TileImage\"]","link[rel=\"manifest\"]","meta[name=\"theme-color\"]","link[rel=\"icon\",sizes=\"192x192\"]","link[rel=\"mask-icon\"]"]},"files_location":{"type":"path","path":"/"},"preview_picture_url":"https://realfavicongenerator.net/files/4fe727e8eec8783e209904100d93e481baefe140/favicon_preview.png","version":"0.16"}